text,intent
Tell me about ORCL's latest news,shows_info
Display the stock details for JPM,shows_info
What's the volume traded for TSLA today?,shows_info
Show the company profile for General Electric,shows_info
What's the current value of IBM?,shows_info
Display the stock details for V,shows_info
Tell me about Walmart's latest news,shows_info
What's the current value of Walmart?,shows_info
How is Nvidia doing today?,shows_info
What's the volume traded for Ford today?,shows_info
I want to see TSLA stock info,shows_info
What's the stock price of Nvidia?,shows_info
What's the volume traded for Google today?,shows_info
I want to see NFLX stock info,shows_info
Tell me about DIS's latest news,shows_info
Show me the market cap of Walmart,shows_info
What's the volume traded for GE today?,shows_info
Tell me about Oracle's latest news,shows_info
Tell me about Facebook's latest news,shows_info
I want to see BABA stock info,shows_info
Tell me about AT&T's latest news,shows_info
Tell me about AMZN's latest news,shows_info
Give me information about JPM,shows_info
What's the current value of Alibaba?,shows_info
Show the company profile for MSFT,shows_info
Show the company profile for NVDA,shows_info
Show the company profile for NFLX,shows_info
Show the company profile for BABA,shows_info
Show me the market cap of GOOGL,shows_info
What's the volume traded for Visa today?,shows_info
Tell me about Tesla's latest news,shows_info
What's the stock price of Oracle?,shows_info
I want to see AT&T stock info,shows_info
I want to see AMD stock info,shows_info
Display the stock details for AAPL,shows_info
What's the current value of ORCL?,shows_info
Give me information about AMD,shows_info
What's the volume traded for BABA today?,shows_info
What's the volume traded for Nvidia today?,shows_info
Show the company profile for WMT,shows_info
Display the stock details for NFLX,shows_info
Display the stock details for Netflix,shows_info
What's the volume traded for NFLX today?,shows_info
What's the stock price of FB?,shows_info
Give me information about Visa,shows_info
Show the company profile for GOOGL,shows_info
How is T doing today?,shows_info
What's the current value of MSFT?,shows_info
Give me information about INTC,shows_info
What's the current value of T?,shows_info
Tell me about IBM's latest news,shows_info
Give me information about V,shows_info
What's the volume traded for Microsoft today?,shows_info
Show the company profile for Ford,shows_info
Tell me about Tesla's latest news,shows_info
How is Facebook doing today?,shows_info
What's the stock price of NFLX?,shows_info
Give me information about AAPL,shows_info
What's the current value of BABA?,shows_info
Tell me about TSLA's latest news,shows_info
What's the current value of TSLA?,shows_info
Tell me about Visa's latest news,shows_info
Tell me about WMT's latest news,shows_info
Give me information about GE,shows_info
What's the stock price of Visa?,shows_info
I want to see WMT stock info,shows_info
How is Apple doing today?,shows_info
Show the company profile for T,shows_info
What's the current value of F?,shows_info
Tell me about IBM's latest news,shows_info
Give me information about IBM,shows_info
How is FB doing today?,shows_info
What's the volume traded for AMD today?,shows_info
I want to see BABA stock info,shows_info
Tell me about MSFT's latest news,shows_info
Show me the market cap of Amazon,shows_info
How is Walmart doing today?,shows_info
What's the volume traded for F today?,shows_info
Tell me about Nvidia's latest news,shows_info
Give me information about V,shows_info
What's the volume traded for Microsoft today?,shows_info
What's the volume traded for AMD today?,shows_info
Give me information about Apple,shows_info
How is V doing today?,shows_info
Give me information about Microsoft,shows_info
What's the stock price of Tesla?,shows_info
Show the company profile for Tesla,shows_info
What's the volume traded for Walmart today?,shows_info
Display the stock details for IBM,shows_info
Show me the market cap of BABA,shows_info
Show me the market cap of IBM,shows_info
What's the current value of T?,shows_info
I want to see Oracle stock info,shows_info
Show me the market cap of Alibaba,shows_info
What's the stock price of Google?,shows_info
What's the volume traded for Netflix today?,shows_info
What's the stock price of Alibaba?,shows_info
Show me the market cap of F,shows_info
How is Nvidia doing today?,shows_info
I want to see JP Morgan stock info,shows_info
I want to see T stock info,shows_info
Tell me about GE's latest news,shows_info
What's the volume traded for AT&T today?,shows_info
Give me information about JPM,shows_info
What's the stock price of ORCL?,shows_info
What's the current value of DIS?,shows_info
What's the stock price of DIS?,shows_info
Show me the market cap of JPM,shows_info
What's the stock price of TSLA?,shows_info
What's the volume traded for Ford today?,shows_info
Show me the market cap of Amazon,shows_info
How is JP Morgan doing today?,shows_info
Show me the market cap of Oracle,shows_info
How is AMD doing today?,shows_info
Display the stock details for MSFT,shows_info
What's the stock price of Disney?,shows_info
Display the stock details for GE,shows_info
What's the volume traded for Facebook today?,shows_info
What's the volume traded for WMT today?,shows_info
What's the stock price of AT&T?,shows_info
Show me the market cap of Oracle,shows_info
Show me the market cap of Ford,shows_info
Show me the market cap of DIS,shows_info
What's the current value of WMT?,shows_info
How is Nvidia doing today?,shows_info
How is AMZN doing today?,shows_info
How is MSFT doing today?,shows_info
Tell me about GE's latest news,shows_info
Show me the market cap of Visa,shows_info
Give me information about JPM,shows_info
I want to see ORCL stock info,shows_info
What's the stock price of General Electric?,shows_info
Show me the market cap of Google,shows_info
Show the company profile for GE,shows_info
What's the volume traded for IBM today?,shows_info
I want to see AMZN stock info,shows_info
Give me information about IBM,shows_info
I want to see ORCL stock info,shows_info
Show the company profile for Ford,shows_info
Show the company profile for Oracle,shows_info
Show the company profile for FB,shows_info
How is Oracle doing today?,shows_info
Give me information about Disney,shows_info
What's the current value of T?,shows_info
How is NFLX doing today?,shows_info
I want to see JPM stock info,shows_info
What's the current value of V?,shows_info
What's the current value of Tesla?,shows_info
What's the volume traded for T today?,shows_info
Tell me about AMZN's latest news,shows_info
Display the stock details for JPM,shows_info
Show me the market cap of GE,shows_info
What's the volume traded for F today?,shows_info
Tell me about Netflix's latest news,shows_info
Display the stock details for Google,shows_info
What's the current value of Tesla?,shows_info
What's the volume traded for Google today?,shows_info
What's the stock price of Intel?,shows_info
Show me the market cap of Walmart,shows_info
Give me information about Netflix,shows_info
I want to see JP Morgan stock info,shows_info
What's the volume traded for Apple today?,shows_info
Show the company profile for AAPL,shows_info
Tell me about General Electric's latest news,shows_info
What's the stock price of INTC?,shows_info
Show me the market cap of NFLX,shows_info
How is GOOGL doing today?,shows_info
I want to see Apple stock info,shows_info
What's the stock price of Apple?,shows_info
What's the stock price of FB?,shows_info
What's the volume traded for Netflix today?,shows_info
Give me information about AAPL,shows_info
How is Alibaba doing today?,shows_info
Show the company profile for Intel,shows_info
What's the volume traded for IBM today?,shows_info
Tell me about GE's latest news,shows_info
What's the stock price of Tesla?,shows_info
Tell me about AT&T's latest news,shows_info
What's the stock price of Disney?,shows_info
Show me the market cap of JPM,shows_info
Show me the market cap of T,shows_info
How is WMT doing today?,shows_info
Tell me about AMD's latest news,shows_info
Display the stock details for F,shows_info
What's the current value of JPM?,shows_info
How is Apple doing today?,shows_info
I want to see Google stock info,shows_info
Show the company profile for INTC,shows_info
What's the stock price of NFLX?,shows_info
Show the company profile for Nvidia,shows_info
I want to see NVDA stock info,shows_info
Display the stock details for Nvidia,shows_info
I want to see ORCL stock info,shows_info
Show me the market cap of TSLA,shows_info
Show me the market cap of Nvidia,shows_info
What's the current value of AMD?,shows_info
Give me information about Nvidia,shows_info
I want to see INTC stock info,shows_info
What's the stock price of WMT?,shows_info
How is F doing today?,shows_info
What's the volume traded for General Electric today?,shows_info
Show the company profile for Nvidia,shows_info
Give me information about V,shows_info
How is Nvidia doing today?,shows_info
I want to see General Electric stock info,shows_info
Show me the market cap of V,shows_info
Show me the market cap of Google,shows_info
Give me information about AT&T,shows_info
What's the stock price of General Electric?,shows_info
Show the company profile for GE,shows_info
Tell me about MSFT's latest news,shows_info
Show me the market cap of FB,shows_info
Show the company profile for FB,shows_info
What's the volume traded for Intel today?,shows_info
Give me information about V,shows_info
How is DIS doing today?,shows_info
Show the company profile for Visa,shows_info
What's the current value of Oracle?,shows_info
Tell me about JP Morgan's latest news,shows_info
Give me information about Facebook,shows_info
Give me information about Tesla,shows_info
Tell me about JPM's latest news,shows_info
Show the company profile for AT&T,shows_info
Show me the market cap of AAPL,shows_info
Give me information about Tesla,shows_info
Tell me about DIS's latest news,shows_info
Show me the market cap of AAPL,shows_info
Tell me about Disney's latest news,shows_info
Show the company profile for IBM,shows_info
What's the stock price of TSLA?,shows_info
What's the stock price of FB?,shows_info
What's the volume traded for Alibaba today?,shows_info
What's the volume traded for IBM today?,shows_info
Tell me about AMD's latest news,shows_info
What's the volume traded for F today?,shows_info
How is Visa doing today?,shows_info
Display the stock details for FB,shows_info
Show the company profile for JPM,shows_info
What's the stock price of AMD?,shows_info
Display the stock details for IBM,shows_info
Display the stock details for JP Morgan,shows_info
What's the volume traded for Amazon today?,shows_info
What's the current value of V?,shows_info
Show me the market cap of AMZN,shows_info
Show me the market cap of Oracle,shows_info
Show me the market cap of AMD,shows_info
Show the company profile for TSLA,shows_info
Show the company profile for Oracle,shows_info
What's the stock price of Facebook?,shows_info
Give me information about Walmart,shows_info
Show me the market cap of Netflix,shows_info
Display the stock details for NFLX,shows_info
I want to see AT&T stock info,shows_info
Display the stock details for Ford,shows_info
Display the stock details for WMT,shows_info
How is Apple doing today?,shows_info
What's the current value of AMD?,shows_info
What's the stock price of General Electric?,shows_info
Give me information about Disney,shows_info
Tell me about AMD's latest news,shows_info
I want to see NVDA stock info,shows_info
How is GOOGL doing today?,shows_info
Show the company profile for AMZN,shows_info
What's the current value of TSLA?,shows_info
How is MSFT doing today?,shows_info
I want to see IBM stock info,shows_info
What's the current value of BABA?,shows_info
Display the stock details for Microsoft,shows_info
Show the company profile for V,shows_info
What's the stock price of JP Morgan?,shows_info
How is Intel doing today?,shows_info
What's the current value of Microsoft?,shows_info
Display the stock details for GE,shows_info
Display the stock details for INTC,shows_info
How is Google doing today?,shows_info
How is FB doing today?,shows_info
Show the company profile for General Electric,shows_info
How is GE doing today?,shows_info
Show me the market cap of Facebook,shows_info
Display the stock details for IBM,shows_info
What's the stock price of DIS?,shows_info
What's the volume traded for ORCL today?,shows_info
What's the current value of BABA?,shows_info
What's the current value of AMD?,shows_info
Give me information about TSLA,shows_info
How is MSFT doing today?,shows_info
Show me the market cap of Facebook,shows_info
What's the volume traded for AT&T today?,shows_info
What's the volume traded for GOOGL today?,shows_info
Show me the market cap of Nvidia,shows_info
Show me the market cap of AAPL,shows_info
Tell me about Alibaba's latest news,shows_info
How is Ford doing today?,shows_info
Display the stock details for BABA,shows_info
Give me information about Amazon,shows_info
I want to see DIS stock info,shows_info
Tell me about FB's latest news,shows_info
What's the volume traded for Walmart today?,shows_info
Display the stock details for BABA,shows_info
How is JPM doing today?,shows_info
How is Intel doing today?,shows_info
Display the stock details for GOOGL,shows_info
How is WMT doing today?,shows_info
I want to see Microsoft stock info,shows_info
Show me the market cap of Intel,shows_info
I want to see Facebook stock info,shows_info
Display the stock details for Visa,shows_info
I want to see F stock info,shows_info
What's the current value of Google?,shows_info
Give me information about AMD,shows_info
Display the stock details for Walmart,shows_info
Display the stock details for Oracle,shows_info
What's the stock price of ORCL?,shows_info
What's the current value of T?,shows_info
Give me information about DIS,shows_info
Tell me about AT&T's latest news,shows_info
Give me information about GOOGL,shows_info
Show me the market cap of IBM,shows_info
What's the stock price of MSFT?,shows_info
Show me the market cap of MSFT,shows_info
What's the volume traded for TSLA today?,shows_info
What's the current value of Ford?,shows_info
Show the company profile for Intel,shows_info
What's the volume traded for Intel today?,shows_info
What's the stock price of AMD?,shows_info
What's the stock price of BABA?,shows_info
What's the stock price of Facebook?,shows_info
What's the current value of Disney?,shows_info
What's the current value of GOOGL?,shows_info
What's the stock price of AT&T?,shows_info
Give me information about General Electric,shows_info
Display the stock details for F,shows_info
Show me the market cap of GE,shows_info
What's the stock price of AMD?,shows_info
I want to see AAPL stock info,shows_info
Show me the market cap of AMD,shows_info
Show me the market cap of INTC,shows_info
How is FB doing today?,shows_info
What's the current value of NVDA?,shows_info
Show me the market cap of AT&T,shows_info
Display the stock details for ORCL,shows_info
What's the stock price of AMD?,shows_info
How is Amazon doing today?,shows_info
What's the current value of AAPL?,shows_info
What's the volume traded for WMT today?,shows_info
I want to see Netflix stock info,shows_info
What's the current value of Apple?,shows_info
What's the volume traded for ORCL today?,shows_info
Give me information about AMZN,shows_info
Show the company profile for NVDA,shows_info
I want to see JPM stock info,shows_info
I want to see DIS stock info,shows_info
What's the stock price of NVDA?,shows_info
What's the stock price of Google?,shows_info
What's the stock price of BABA?,shows_info
I want to see Disney stock info,shows_info
Display the stock details for FB,shows_info
Show the company profile for JP Morgan,shows_info
Tell me about Microsoft's latest news,shows_info
Give me information about ORCL,shows_info
Display the stock details for Visa,shows_info
Give me information about Ford,shows_info
Show the company profile for INTC,shows_info
What's the volume traded for IBM today?,shows_info
Tell me about AMD's latest news,shows_info
Show me the market cap of T,shows_info
Give me information about Facebook,shows_info
I want to see Microsoft stock info,shows_info
Tell me about DIS's latest news,shows_info
Show me the market cap of Nvidia,shows_info
I want to see AAPL stock info,shows_info
What's the stock price of T?,shows_info
What's the volume traded for JP Morgan today?,shows_info
What's the volume traded for Google today?,shows_info
What's the stock price of AMD?,shows_info
Show me the market cap of NFLX,shows_info
What's the volume traded for Ford today?,shows_info
How is GOOGL doing today?,shows_info
Tell me about Intel's latest news,shows_info
Give me information about TSLA,shows_info
Tell me about JPM's latest news,shows_info
Give me information about Microsoft,shows_info
Tell me about Amazon's latest news,shows_info
What's the current value of Walmart?,shows_info
Display the stock details for Google,shows_info
Give me information about Microsoft,shows_info
Give me information about T,shows_info
I want to see Ford stock info,shows_info
I want to see F stock info,shows_info
I want to see FB stock info,shows_info
I want to see Apple stock info,shows_info
I want to see Tesla stock info,shows_info
Give me information about TSLA,shows_info
Give me information about GE,shows_info
Show the company profile for IBM,shows_info
What's the current value of WMT?,shows_info
What's the volume traded for General Electric today?,shows_info
I want to see Amazon stock info,shows_info
What's the current value of V?,shows_info
What's the stock price of Visa?,shows_info
Show me the market cap of AMD,shows_info
Show me the market cap of GE,shows_info
What's the current value of Disney?,shows_info
Show me the market cap of Nvidia,shows_info
I want to see Amazon stock info,shows_info
Give me information about F,shows_info
Show me the market cap of DIS,shows_info
Give me information about Facebook,shows_info
Tell me about AMD's latest news,shows_info
How is AMD doing today?,shows_info
I want to see TSLA stock info,shows_info
Display the stock details for JPM,shows_info
What's the volume traded for Oracle today?,shows_info
Show me the market cap of TSLA,shows_info
Tell me about AAPL's latest news,shows_info
What's the volume traded for Oracle today?,shows_info
Show me the market cap of Nvidia,shows_info
Tell me about JP Morgan's latest news,shows_info
What's the stock price of JP Morgan?,shows_info
Give me information about V,shows_info
Display the stock details for Facebook,shows_info
What's the stock price of GE?,shows_info
Tell me about Tesla's latest news,shows_info
Display the stock details for AT&T,shows_info
What's the volume traded for V today?,shows_info
Tell me about Intel's latest news,shows_info
Display the stock details for BABA,shows_info
What's the volume traded for AMD today?,shows_info
Give me information about Visa,shows_info
Tell me about T's latest news,shows_info
Tell me about Facebook's latest news,shows_info
What's the stock price of Alibaba?,shows_info
Show the company profile for DIS,shows_info
Tell me about Ford's latest news,shows_info
Show the company profile for Walmart,shows_info
Display the stock details for GOOGL,shows_info
What's the stock price of JPM?,shows_info
Show me the market cap of Facebook,shows_info
Tell me about BABA's latest news,shows_info
Give me information about Netflix,shows_info
Display the stock details for Oracle,shows_info
Give me information about V,shows_info
Show the company profile for AMD,shows_info
Tell me about Ford's latest news,shows_info
What's the volume traded for AMZN today?,shows_info
Display the stock details for NVDA,shows_info
What's the stock price of Tesla?,shows_info
Display the stock details for AMZN,shows_info
How is Nvidia doing today?,shows_info
Show the company profile for INTC,shows_info
What's the stock price of General Electric?,shows_info
Show the company profile for AAPL,shows_info
What's the volume traded for IBM today?,shows_info
How is General Electric doing today?,shows_info
Display the stock details for JP Morgan,shows_info
Show me the market cap of DIS,shows_info
I want to see JPM stock info,shows_info
Give me information about Walmart,shows_info
How is TSLA doing today?,shows_info
Give me information about DIS,shows_info
What's the volume traded for TSLA today?,shows_info
Tell me about NFLX's latest news,shows_info
Display the stock details for WMT,shows_info
What's the volume traded for Oracle today?,shows_info
What's the stock price of T?,shows_info
Show the company profile for AAPL,shows_info
Tell me about JP Morgan's latest news,shows_info
Give me information about Netflix,shows_info
Show the company profile for AMZN,shows_info
What's the stock price of JP Morgan?,shows_info
What's the stock price of Netflix?,shows_info
What's the current value of ORCL?,shows_info
Tell me about AMD's latest news,shows_info
What's the current value of FB?,shows_info
Give me information about T,shows_info
What's the current value of ORCL?,shows_info
Tell me about ORCL's latest news,shows_info
What's the volume traded for WMT today?,shows_info
Tell me about AAPL's latest news,shows_info
I want to see Alibaba stock info,shows_info
How is NFLX doing today?,shows_info
What's the current value of Visa?,shows_info
Display the stock details for DIS,shows_info
Display the stock details for Facebook,shows_info
What's the current value of Oracle?,shows_info
Tell me about Google's latest news,shows_info
Tell me about DIS's latest news,shows_info
Display the stock details for Walmart,shows_info
Display the stock details for Oracle,shows_info
Tell me about Disney's latest news,shows_info
Show the company profile for Facebook,shows_info
Display the stock details for NFLX,shows_info
Show me the market cap of Ford,shows_info
I want to see AMZN stock info,shows_info
What's the stock price of Visa?,shows_info
What's the current value of ORCL?,shows_info
Show me the market cap of AT&T,shows_info
I want to see Alibaba stock info,shows_info
How is Walmart doing today?,shows_info
Give me information about Apple,shows_info
I want to find the EMA for JP Morgan,calculate
Calculate the technical indicators for DIS,calculate
What is the moving average of Intel?,calculate
Compute the MACD for General Electric,calculate
Calculate P/E ratio of JPM,calculate
Show me the OBV for BABA,calculate
Calculate the technical indicators for IBM,calculate
What is the moving average of Oracle?,calculate
Give me the Bollinger Bands for IBM,calculate
Give me the Bollinger Bands for TSLA,calculate
Show me the OBV for JPM,calculate
Give me the Bollinger Bands for AT&T,calculate
Show me the OBV for Google,calculate
Calculate P/E ratio of Tesla,calculate
What is the moving average of Disney?,calculate
Give me the Bollinger Bands for MSFT,calculate
Show me the OBV for Facebook,calculate
Show me the OBV for AAPL,calculate
Can you compute the ATR for Oracle?,calculate
Give me the Bollinger Bands for Microsoft,calculate
Calculate the SMA of Apple stock,calculate
What is the moving average of FB?,calculate
I want to find the EMA for Nvidia,calculate
I want to find the EMA for Netflix,calculate
Calculate the RSI for Alibaba,calculate
I want to find the EMA for AT&T,calculate
Can you compute the ATR for FB?,calculate
Calculate the RSI for NVDA,calculate
Compute the MACD for ORCL,calculate
Calculate the RSI for Alibaba,calculate
Calculate the RSI for F,calculate
Compute the MACD for Walmart,calculate
Compute the MACD for Facebook,calculate
Calculate the SMA of NVDA stock,calculate
Show me the OBV for AAPL,calculate
Show me the OBV for GE,calculate
Calculate the technical indicators for JP Morgan,calculate
Calculate the SMA of FB stock,calculate
I want to find the EMA for Ford,calculate
I want to find the EMA for Netflix,calculate
Show me the OBV for Intel,calculate
Calculate the RSI for MSFT,calculate
Calculate the RSI for INTC,calculate
Can you compute the ATR for DIS?,calculate
Give me the Bollinger Bands for Amazon,calculate
Calculate the SMA of AMD stock,calculate
Compute the MACD for Oracle,calculate
Calculate the SMA of Netflix stock,calculate
Show me the OBV for TSLA,calculate
Calculate the RSI for Intel,calculate
Calculate the RSI for IBM,calculate
Calculate the RSI for Microsoft,calculate
Calculate the technical indicators for AT&T,calculate
Calculate the SMA of Amazon stock,calculate
Calculate the RSI for Amazon,calculate
Calculate P/E ratio of Ford,calculate
Calculate the RSI for T,calculate
I want to find the EMA for MSFT,calculate
Can you compute the ATR for V?,calculate
Can you compute the ATR for Alibaba?,calculate
Calculate the SMA of Visa stock,calculate
Compute the MACD for IBM,calculate
Show me the OBV for Walmart,calculate
Give me the Bollinger Bands for General Electric,calculate
Give me the Bollinger Bands for AMD,calculate
Calculate the SMA of WMT stock,calculate
Calculate P/E ratio of Intel,calculate
Calculate P/E ratio of Facebook,calculate
Calculate the RSI for IBM,calculate
Can you compute the ATR for GE?,calculate
Calculate the SMA of F stock,calculate
Compute the MACD for AMD,calculate
Calculate P/E ratio of AMD,calculate
What is the moving average of AAPL?,calculate
Calculate P/E ratio of F,calculate
Can you compute the ATR for Netflix?,calculate
Calculate the technical indicators for V,calculate
Calculate the technical indicators for Facebook,calculate
I want to find the EMA for MSFT,calculate
Calculate P/E ratio of BABA,calculate
Give me the Bollinger Bands for Apple,calculate
Give me the Bollinger Bands for INTC,calculate
What is the moving average of GE?,calculate
Calculate the SMA of F stock,calculate
Calculate P/E ratio of AMD,calculate
Give me the Bollinger Bands for T,calculate
Calculate the technical indicators for TSLA,calculate
Give me the Bollinger Bands for Microsoft,calculate
Calculate the technical indicators for Google,calculate
Calculate the SMA of INTC stock,calculate
Calculate the SMA of Intel stock,calculate
Can you compute the ATR for AT&T?,calculate
Can you compute the ATR for Apple?,calculate
Calculate the technical indicators for F,calculate
What is the moving average of WMT?,calculate
I want to find the EMA for TSLA,calculate
Calculate the SMA of DIS stock,calculate
Calculate the SMA of AMD stock,calculate
I want to find the EMA for GE,calculate
What is the moving average of Google?,calculate
Calculate the technical indicators for Netflix,calculate
Show me the OBV for Amazon,calculate
Compute the MACD for AMD,calculate
Give me the Bollinger Bands for Disney,calculate
Calculate the SMA of JP Morgan stock,calculate
Can you compute the ATR for FB?,calculate
Compute the MACD for Google,calculate
Calculate the RSI for INTC,calculate
Calculate the SMA of F stock,calculate
Give me the Bollinger Bands for Netflix,calculate
Calculate P/E ratio of Intel,calculate
Calculate P/E ratio of IBM,calculate
Calculate the RSI for IBM,calculate
Calculate P/E ratio of Google,calculate
What is the moving average of Google?,calculate
Calculate the RSI for Google,calculate
Calculate the SMA of Nvidia stock,calculate
Calculate the RSI for BABA,calculate
Compute the MACD for Apple,calculate
Compute the MACD for DIS,calculate
Calculate the SMA of GE stock,calculate
What is the moving average of Visa?,calculate
Compute the MACD for General Electric,calculate
What is the moving average of IBM?,calculate
Calculate the SMA of ORCL stock,calculate
Calculate P/E ratio of Nvidia,calculate
Can you compute the ATR for Intel?,calculate
Calculate the SMA of AMD stock,calculate
I want to find the EMA for Intel,calculate
What is the moving average of WMT?,calculate
Calculate the RSI for General Electric,calculate
Give me the Bollinger Bands for Facebook,calculate
Can you compute the ATR for Visa?,calculate
Give me the Bollinger Bands for AMD,calculate
Show me the OBV for Visa,calculate
What is the moving average of AMZN?,calculate
Give me the Bollinger Bands for T,calculate
Give me the Bollinger Bands for Facebook,calculate
Can you compute the ATR for MSFT?,calculate
I want to find the EMA for GE,calculate
Can you compute the ATR for Google?,calculate
Show me the OBV for Facebook,calculate
Give me the Bollinger Bands for Tesla,calculate
Calculate the SMA of AMZN stock,calculate
What is the moving average of JP Morgan?,calculate
Calculate the RSI for AAPL,calculate
Give me the Bollinger Bands for Disney,calculate
Calculate the RSI for JPM,calculate
I want to find the EMA for Ford,calculate
I want to find the EMA for Walmart,calculate
Calculate the technical indicators for Oracle,calculate
Calculate the RSI for Tesla,calculate
Calculate the RSI for BABA,calculate
Can you compute the ATR for IBM?,calculate
What is the moving average of Facebook?,calculate
Calculate the SMA of WMT stock,calculate
Calculate the technical indicators for T,calculate
Give me the Bollinger Bands for AMD,calculate
Show me the OBV for Walmart,calculate
I want to find the EMA for V,calculate
Calculate P/E ratio of AT&T,calculate
Calculate P/E ratio of Tesla,calculate
Calculate the RSI for Intel,calculate
Can you compute the ATR for NFLX?,calculate
Calculate the SMA of AMD stock,calculate
Show me the OBV for JPM,calculate
Compute the MACD for NFLX,calculate
I want to find the EMA for V,calculate
I want to find the EMA for Netflix,calculate
Calculate P/E ratio of FB,calculate
Calculate the RSI for Amazon,calculate
Calculate the SMA of MSFT stock,calculate
Calculate the RSI for AMD,calculate
Calculate the SMA of Disney stock,calculate
Give me the Bollinger Bands for AMZN,calculate
What is the moving average of Tesla?,calculate
What is the moving average of MSFT?,calculate
Show me the OBV for INTC,calculate
Compute the MACD for Netflix,calculate
What is the moving average of GE?,calculate
Calculate the technical indicators for T,calculate
Compute the MACD for Oracle,calculate
What is the moving average of Microsoft?,calculate
Can you compute the ATR for General Electric?,calculate
Compute the MACD for AMZN,calculate
Can you compute the ATR for GOOGL?,calculate
I want to find the EMA for AAPL,calculate
Compute the MACD for F,calculate
Give me the Bollinger Bands for DIS,calculate
What is the moving average of FB?,calculate
Can you compute the ATR for Google?,calculate
Show me the OBV for Netflix,calculate
Calculate the RSI for INTC,calculate
Calculate the SMA of JP Morgan stock,calculate
Calculate the SMA of T stock,calculate
What is the moving average of Google?,calculate
Give me the Bollinger Bands for JP Morgan,calculate
Calculate the SMA of NFLX stock,calculate
Calculate the technical indicators for Walmart,calculate
Can you compute the ATR for Amazon?,calculate
What is the moving average of AT&T?,calculate
Calculate the RSI for GOOGL,calculate
Compute the MACD for MSFT,calculate
Calculate the RSI for General Electric,calculate
Give me the Bollinger Bands for T,calculate
Give me the Bollinger Bands for Netflix,calculate
Calculate P/E ratio of TSLA,calculate
Calculate P/E ratio of GE,calculate
I want to find the EMA for Oracle,calculate
Compute the MACD for BABA,calculate
I want to find the EMA for Alibaba,calculate
Show me the OBV for NVDA,calculate
Calculate the SMA of AMD stock,calculate
I want to find the EMA for AMD,calculate
I want to find the EMA for Intel,calculate
Compute the MACD for NFLX,calculate
Give me the Bollinger Bands for Microsoft,calculate
Compute the MACD for Tesla,calculate
Can you compute the ATR for Nvidia?,calculate
Can you compute the ATR for F?,calculate
Give me the Bollinger Bands for AMD,calculate
I want to find the EMA for AAPL,calculate
Give me the Bollinger Bands for AMD,calculate
I want to find the EMA for WMT,calculate
Calculate the SMA of Tesla stock,calculate
What is the moving average of Tesla?,calculate
Give me the Bollinger Bands for Amazon,calculate
Calculate the RSI for BABA,calculate
Calculate the SMA of Netflix stock,calculate
Compute the MACD for JP Morgan,calculate
I want to find the EMA for F,calculate
Compute the MACD for Facebook,calculate
What is the moving average of Microsoft?,calculate
Give me the Bollinger Bands for Nvidia,calculate
Calculate the technical indicators for AMD,calculate
I want to find the EMA for AMD,calculate
What is the moving average of AMD?,calculate
Calculate the SMA of Intel stock,calculate
What is the moving average of TSLA?,calculate
Calculate the technical indicators for F,calculate
Can you compute the ATR for ORCL?,calculate
Can you compute the ATR for Microsoft?,calculate
Calculate P/E ratio of FB,calculate
Calculate P/E ratio of Nvidia,calculate
Calculate P/E ratio of General Electric,calculate
Can you compute the ATR for General Electric?,calculate
Can you compute the ATR for GE?,calculate
Show me the OBV for IBM,calculate
Calculate the SMA of Oracle stock,calculate
Compute the MACD for Alibaba,calculate
Calculate the technical indicators for Walmart,calculate
Can you compute the ATR for MSFT?,calculate
Compute the MACD for F,calculate
Calculate the SMA of BABA stock,calculate
Compute the MACD for BABA,calculate
Compute the MACD for Oracle,calculate
Can you compute the ATR for F?,calculate
Calculate P/E ratio of TSLA,calculate
I want to find the EMA for Walmart,calculate
Can you compute the ATR for IBM?,calculate
Show me the OBV for Netflix,calculate
What is the moving average of Visa?,calculate
Can you compute the ATR for Alibaba?,calculate
Show me the OBV for AAPL,calculate
What is the moving average of Walmart?,calculate
Calculate the technical indicators for GOOGL,calculate
Can you compute the ATR for AMD?,calculate
Calculate P/E ratio of Oracle,calculate
Calculate the RSI for Nvidia,calculate
Calculate P/E ratio of Disney,calculate
Calculate P/E ratio of Tesla,calculate
Calculate the RSI for General Electric,calculate
Give me the Bollinger Bands for V,calculate
What is the moving average of JPM?,calculate
Calculate the technical indicators for FB,calculate
Calculate the technical indicators for NVDA,calculate
Compute the MACD for MSFT,calculate
Calculate the technical indicators for MSFT,calculate
Can you compute the ATR for MSFT?,calculate
Calculate the RSI for INTC,calculate
I want to find the EMA for Facebook,calculate
Calculate the technical indicators for Amazon,calculate
Calculate P/E ratio of JP Morgan,calculate
Give me the Bollinger Bands for AT&T,calculate
I want to find the EMA for AMZN,calculate
Can you compute the ATR for Tesla?,calculate
I want to find the EMA for Walmart,calculate
Calculate the RSI for WMT,calculate
Calculate P/E ratio of BABA,calculate
I want to find the EMA for Ford,calculate
Calculate the SMA of Disney stock,calculate
I want to find the EMA for F,calculate
I want to find the EMA for General Electric,calculate
Show me the OBV for FB,calculate
Compute the MACD for AAPL,calculate
What is the moving average of General Electric?,calculate
Show me the OBV for T,calculate
Give me the Bollinger Bands for NFLX,calculate
Compute the MACD for AAPL,calculate
Compute the MACD for Facebook,calculate
Calculate the technical indicators for DIS,calculate
What is the moving average of IBM?,calculate
Calculate the SMA of Oracle stock,calculate
Calculate the technical indicators for Apple,calculate
Calculate the RSI for GE,calculate
What is the moving average of Facebook?,calculate
Show me the OBV for AMZN,calculate
Calculate P/E ratio of AT&T,calculate
Can you compute the ATR for Disney?,calculate
Compute the MACD for AMD,calculate
Calculate the RSI for AMD,calculate
Calculate the SMA of AMD stock,calculate
What is the moving average of Tesla?,calculate
Calculate the RSI for GOOGL,calculate
Compute the MACD for BABA,calculate
Show me the OBV for Facebook,calculate
Calculate the technical indicators for AMD,calculate
Can you compute the ATR for NVDA?,calculate
I want to find the EMA for F,calculate
Compute the MACD for Netflix,calculate
Calculate the RSI for IBM,calculate
Calculate P/E ratio of Facebook,calculate
Give me the Bollinger Bands for T,calculate
Give me the Bollinger Bands for DIS,calculate
I want to find the EMA for JP Morgan,calculate
What is the moving average of JPM?,calculate
Show me the OBV for GE,calculate
Show me the OBV for JPM,calculate
Calculate the SMA of Apple stock,calculate
What is the moving average of Netflix?,calculate
Can you compute the ATR for AMZN?,calculate
I want to find the EMA for V,calculate
Can you compute the ATR for NVDA?,calculate
I want to find the EMA for JP Morgan,calculate
I want to find the EMA for Alibaba,calculate
Can you compute the ATR for AAPL?,calculate
Show me the OBV for AT&T,calculate
I want to find the EMA for AMZN,calculate
What is the moving average of GOOGL?,calculate
Can you compute the ATR for Alibaba?,calculate
Show me the OBV for AMZN,calculate
Show me the OBV for Microsoft,calculate
Show me the OBV for Oracle,calculate
Calculate P/E ratio of AMZN,calculate
Give me the Bollinger Bands for Tesla,calculate
Give me the Bollinger Bands for Disney,calculate
Calculate the RSI for BABA,calculate
Can you compute the ATR for F?,calculate
Calculate the RSI for NVDA,calculate
Give me the Bollinger Bands for IBM,calculate
Calculate the SMA of Apple stock,calculate
Calculate the technical indicators for Oracle,calculate
Calculate P/E ratio of T,calculate
Show me the OBV for GOOGL,calculate
Show me the OBV for Disney,calculate
Calculate the technical indicators for AT&T,calculate
Give me the Bollinger Bands for Amazon,calculate
Calculate P/E ratio of Alibaba,calculate
Give me the Bollinger Bands for Tesla,calculate
Calculate the SMA of JP Morgan stock,calculate
Show me the OBV for IBM,calculate
Calculate P/E ratio of Walmart,calculate
Show me the OBV for MSFT,calculate
Give me the Bollinger Bands for IBM,calculate
What is the moving average of JPM?,calculate
Show me the OBV for AMZN,calculate
Calculate P/E ratio of BABA,calculate
Calculate the SMA of V stock,calculate
Show me the OBV for Netflix,calculate
I want to find the EMA for AMD,calculate
Calculate the RSI for INTC,calculate
Calculate P/E ratio of JP Morgan,calculate
I want to find the EMA for TSLA,calculate
Calculate P/E ratio of IBM,calculate
Calculate the SMA of IBM stock,calculate
Show me the OBV for Alibaba,calculate
Can you compute the ATR for JPM?,calculate
Calculate the SMA of Amazon stock,calculate
I want to find the EMA for Oracle,calculate
Calculate the RSI for Amazon,calculate
Calculate P/E ratio of GOOGL,calculate
Can you compute the ATR for Oracle?,calculate
I want to find the EMA for IBM,calculate
Give me the Bollinger Bands for Nvidia,calculate
Compute the MACD for GE,calculate
Calculate the RSI for Alibaba,calculate
Calculate the technical indicators for AT&T,calculate
Compute the MACD for Tesla,calculate
Calculate the RSI for TSLA,calculate
What is the moving average of Apple?,calculate
I want to find the EMA for Walmart,calculate
I want to find the EMA for TSLA,calculate
Calculate the SMA of Google stock,calculate
Calculate the SMA of Disney stock,calculate
Calculate the RSI for V,calculate
Calculate P/E ratio of Disney,calculate
Show me the OBV for V,calculate
Compute the MACD for NFLX,calculate
Calculate the RSI for AMZN,calculate
I want to find the EMA for ORCL,calculate
Can you compute the ATR for NFLX?,calculate
Show me the OBV for Netflix,calculate
Compute the MACD for JP Morgan,calculate
Calculate P/E ratio of ORCL,calculate
Compute the MACD for IBM,calculate
Give me the Bollinger Bands for MSFT,calculate
Calculate P/E ratio of Netflix,calculate
Calculate the SMA of BABA stock,calculate
Can you compute the ATR for JPM?,calculate
Calculate P/E ratio of INTC,calculate
Give me the Bollinger Bands for Facebook,calculate
Calculate the technical indicators for Alibaba,calculate
Calculate P/E ratio of F,calculate
Can you compute the ATR for AMD?,calculate
What is the moving average of GE?,calculate
Calculate P/E ratio of GOOGL,calculate
I want to find the EMA for Intel,calculate
What is the moving average of AMD?,calculate
Calculate P/E ratio of Ford,calculate
What is the moving average of AMD?,calculate
Compute the MACD for Intel,calculate
Calculate P/E ratio of AMZN,calculate
Give me the Bollinger Bands for V,calculate
Calculate P/E ratio of IBM,calculate
Calculate the SMA of Oracle stock,calculate
Give me the Bollinger Bands for Walmart,calculate
Calculate the technical indicators for AMZN,calculate
Calculate the technical indicators for Intel,calculate
Calculate the technical indicators for MSFT,calculate
What is the moving average of Disney?,calculate
I want to find the EMA for Netflix,calculate
I want to find the EMA for Google,calculate
Show me the OBV for Visa,calculate
Give me the Bollinger Bands for Intel,calculate
Give me the Bollinger Bands for IBM,calculate
Calculate the RSI for Amazon,calculate
Calculate the SMA of AT&T stock,calculate
Calculate the RSI for Google,calculate
Calculate the technical indicators for FB,calculate
What is the moving average of ORCL?,calculate
What is the moving average of Alibaba?,calculate
Show me the OBV for DIS,calculate
Calculate the RSI for Oracle,calculate
Calculate P/E ratio of Nvidia,calculate
Calculate the SMA of BABA stock,calculate
I want to find the EMA for Oracle,calculate
Give me the Bollinger Bands for V,calculate
Calculate the technical indicators for Intel,calculate
Calculate the SMA of FB stock,calculate
Calculate the RSI for GE,calculate
Give me the Bollinger Bands for TSLA,calculate
Calculate P/E ratio of JPM,calculate
Calculate P/E ratio of Alibaba,calculate
Show me the OBV for T,calculate
Give me the Bollinger Bands for GE,calculate
Calculate the technical indicators for T,calculate
Calculate the SMA of Microsoft stock,calculate
Compute the MACD for AMD,calculate
Can you compute the ATR for BABA?,calculate
Calculate the technical indicators for IBM,calculate
Calculate the SMA of GE stock,calculate
Calculate the SMA of DIS stock,calculate
I want to find the EMA for GOOGL,calculate
Compute the MACD for Netflix,calculate
What is the moving average of WMT?,calculate
What is the moving average of Walmart?,calculate
Calculate the SMA of NVDA stock,calculate
Compute the MACD for ORCL,calculate
Calculate the RSI for DIS,calculate
Give me the Bollinger Bands for IBM,calculate
Can you compute the ATR for MSFT?,calculate
What is the moving average of Facebook?,calculate
Can you compute the ATR for AMZN?,calculate
Show me the OBV for Ford,calculate
Calculate P/E ratio of Facebook,calculate
Can you compute the ATR for NVDA?,calculate
Show me the OBV for INTC,calculate
Compute the MACD for NFLX,calculate
Compute the MACD for F,calculate
Show me the OBV for IBM,calculate
Compute the MACD for F,calculate
Compute the MACD for AAPL,calculate
Calculate the technical indicators for Tesla,calculate
Calculate P/E ratio of Alibaba,calculate
Calculate the technical indicators for Apple,calculate
Calculate the technical indicators for FB,calculate
Compute the MACD for Tesla,calculate
Calculate the SMA of AMD stock,calculate
Show me the OBV for AAPL,calculate
Give me the Bollinger Bands for Walmart,calculate
Calculate the SMA of GOOGL stock,calculate
Calculate P/E ratio of F,calculate
Give me the Bollinger Bands for F,calculate
Calculate the technical indicators for DIS,calculate
Calculate the SMA of Tesla stock,calculate
Show me the OBV for JP Morgan,calculate
Calculate the SMA of Google stock,calculate
Calculate the SMA of Apple stock,calculate
Can you compute the ATR for Nvidia?,calculate
Compute the MACD for INTC,calculate
"Which is better, FB or IBM?",compare
Show me RSI comparison between MSFT and WMT,compare
"Which has higher dividends, F or Facebook?",compare
Show the P/E ratios for Alibaba vs Google,compare
Compare the forecasts for AT&T and Walmart,compare
Compare the stock price of Visa and FB,compare
"Which is better, Ford or AMD?",compare
"Which has higher dividends, Disney or Apple?",compare
Compare market cap of JPM and IBM,compare
Compare the 50-day SMA for WMT and Apple,compare
Show the P/E ratios for AMZN vs AMD,compare
Compare the forecasts for Facebook and Google,compare
Compare the forecasts for AAPL and WMT,compare
"Which has higher dividends, NVDA or Intel?",compare
Show the P/E ratios for BABA vs Google,compare
"Which is better, FB or General Electric?",compare
"Which is better, GOOGL or JPM?",compare
Compare market cap of FB and Netflix,compare
Compare the stock price of Apple and IBM,compare
"Which has higher dividends, DIS or GE?",compare
Compare market cap of IBM and AMZN,compare
Compare market cap of JPM and V,compare
Show me RSI comparison between Google and Ford,compare
Compare the stock price of Oracle and Nvidia,compare
Show the P/E ratios for Visa vs AMZN,compare
Compare the forecasts for INTC and Netflix,compare
Compare market cap of INTC and JP Morgan,compare
Compare the 50-day SMA for GE and FB,compare
"Which has higher dividends, ORCL or WMT?",compare
Show me RSI comparison between INTC and Oracle,compare
Compare the stock price of TSLA and Walmart,compare
Compare the forecasts for AT&T and FB,compare
Compare the volume traded for JP Morgan and Alibaba,compare
"Which is better, FB or TSLA?",compare
Compare the stock price of Nvidia and Visa,compare
Show the P/E ratios for Google vs Intel,compare
Compare the stock price of T and F,compare
"Which is better, AT&T or Google?",compare
Show the P/E ratios for NVDA vs Google,compare
"Which has higher dividends, AMD or AT&T?",compare
Compare the forecasts for GOOGL and V,compare
Compare the forecasts for NFLX and FB,compare
Compare the stock price of NFLX and IBM,compare
Compare market cap of IBM and AT&T,compare
Compare the stock price of Amazon and FB,compare
Compare the forecasts for DIS and Intel,compare
Compare the forecasts for Tesla and Ford,compare
Compare the volume traded for Ford and TSLA,compare
How does JPM perform against Oracle?,compare
Compare the volume traded for NFLX and AMZN,compare
"Which is better, Google or FB?",compare
How does Intel perform against NFLX?,compare
Compare the forecasts for IBM and AMD,compare
Compare the volume traded for Amazon and DIS,compare
Compare the forecasts for IBM and Netflix,compare
Compare the forecasts for FB and GE,compare
"Which is better, Alibaba or FB?",compare
How does Amazon perform against GE?,compare
Show me RSI comparison between Amazon and NFLX,compare
Show the P/E ratios for WMT vs AMD,compare
Compare market cap of Ford and FB,compare
Compare market cap of AAPL and Google,compare
Compare the forecasts for INTC and Tesla,compare
Show me RSI comparison between Disney and JPM,compare
Show me RSI comparison between Ford and General Electric,compare
Compare the volume traded for T and AMD,compare
Compare the volume traded for AMD and Disney,compare
Show the P/E ratios for AAPL vs Apple,compare
Show the P/E ratios for V vs Google,compare
Compare the forecasts for BABA and WMT,compare
Compare the stock price of AMD and DIS,compare
Compare the forecasts for Microsoft and AAPL,compare
Compare market cap of General Electric and GOOGL,compare
Compare the 50-day SMA for Walmart and Oracle,compare
Show the P/E ratios for Intel vs Walmart,compare
Compare the 50-day SMA for V and GE,compare
Compare the forecasts for INTC and MSFT,compare
How does AMD perform against Apple?,compare
Compare the 50-day SMA for AMZN and Intel,compare
Compare market cap of Apple and IBM,compare
Compare the forecasts for T and AAPL,compare
Compare the volume traded for ORCL and IBM,compare
"Which has higher dividends, Walmart or Apple?",compare
Compare market cap of Oracle and AAPL,compare
Compare the 50-day SMA for AMD and Oracle,compare
Compare the forecasts for ORCL and JPM,compare
Show me RSI comparison between Nvidia and JPM,compare
Show me RSI comparison between Amazon and General Electric,compare
Compare market cap of NVDA and Intel,compare
Compare the volume traded for WMT and JPM,compare
"Which is better, Oracle or ORCL?",compare
Compare the volume traded for Intel and INTC,compare
Compare the stock price of FB and V,compare
Compare market cap of Amazon and AAPL,compare
"Which is better, AT&T or MSFT?",compare
How does V perform against IBM?,compare
Show me RSI comparison between Facebook and General Electric,compare
Compare the stock price of Facebook and Visa,compare
Show me RSI comparison between DIS and MSFT,compare
Show the P/E ratios for General Electric vs Ford,compare
How does AT&T perform against ORCL?,compare
Show me RSI comparison between JP Morgan and AMD,compare
Compare the stock price of Ford and Apple,compare
Show me RSI comparison between IBM and Ford,compare
Compare market cap of Amazon and NFLX,compare
How does Intel perform against Walmart?,compare
How does JP Morgan perform against NFLX?,compare
Compare the stock price of WMT and Intel,compare
Compare the volume traded for AAPL and GOOGL,compare
How does V perform against NFLX?,compare
"Which has higher dividends, T or AMD?",compare
Compare the forecasts for Intel and Ford,compare
Show me RSI comparison between AMD and F,compare
Compare the 50-day SMA for Apple and Google,compare
How does T perform against Disney?,compare
Compare the 50-day SMA for NFLX and FB,compare
Compare the 50-day SMA for IBM and Alibaba,compare
Compare the volume traded for Disney and AMD,compare
Compare the 50-day SMA for Tesla and GE,compare
Compare the stock price of Ford and Facebook,compare
Compare market cap of AMD and Nvidia,compare
Compare the stock price of Oracle and FB,compare
Compare market cap of AMZN and BABA,compare
How does Google perform against NFLX?,compare
"Which has higher dividends, Nvidia or INTC?",compare
"Which has higher dividends, Oracle or GOOGL?",compare
"Which has higher dividends, MSFT or F?",compare
Compare market cap of INTC and Netflix,compare
Compare market cap of Oracle and AMD,compare
Show me RSI comparison between Oracle and General Electric,compare
How does GE perform against Apple?,compare
How does Intel perform against V?,compare
Compare the forecasts for Apple and Microsoft,compare
"Which is better, Oracle or Walmart?",compare
How does MSFT perform against NFLX?,compare
"Which is better, AMD or TSLA?",compare
Compare the stock price of Nvidia and AT&T,compare
Show me RSI comparison between Apple and Google,compare
How does DIS perform against ORCL?,compare
Compare the forecasts for INTC and Alibaba,compare
Show me RSI comparison between General Electric and GE,compare
Show the P/E ratios for Disney vs Oracle,compare
Compare the volume traded for IBM and Nvidia,compare
Show me RSI comparison between IBM and AMD,compare
Compare the stock price of Ford and AT&T,compare
"Which is better, Microsoft or WMT?",compare
"Which has higher dividends, TSLA or Tesla?",compare
Compare the 50-day SMA for WMT and GOOGL,compare
Show me RSI comparison between Facebook and V,compare
How does Ford perform against Facebook?,compare
Compare the forecasts for INTC and V,compare
Compare the forecasts for Ford and Nvidia,compare
Show me RSI comparison between JP Morgan and IBM,compare
"Which is better, FB or Google?",compare
"Which has higher dividends, IBM or JPM?",compare
How does FB perform against IBM?,compare
Compare the stock price of WMT and BABA,compare
Show the P/E ratios for AAPL vs Ford,compare
Compare the stock price of ORCL and Ford,compare
Compare market cap of AT&T and Ford,compare
Compare market cap of JP Morgan and Facebook,compare
Compare the stock price of Facebook and NFLX,compare
Compare market cap of Google and AMZN,compare
"Which is better, AMZN or General Electric?",compare
Show me RSI comparison between ORCL and Tesla,compare
Compare the 50-day SMA for Intel and T,compare
"Which has higher dividends, Ford or MSFT?",compare
Compare the stock price of T and Oracle,compare
Compare the 50-day SMA for Netflix and Walmart,compare
Compare the 50-day SMA for IBM and NFLX,compare
Compare the stock price of V and Google,compare
Show me RSI comparison between FB and Facebook,compare
"Which has higher dividends, Alibaba or Ford?",compare
Compare market cap of Intel and F,compare
Show me RSI comparison between V and MSFT,compare
"Which has higher dividends, FB or Microsoft?",compare
Compare the forecasts for JPM and Microsoft,compare
"Which is better, WMT or Google?",compare
Compare the forecasts for NFLX and Tesla,compare
Compare the stock price of Ford and NVDA,compare
Compare the forecasts for TSLA and GOOGL,compare
Compare market cap of V and AT&T,compare
Compare the stock price of GOOGL and Intel,compare
"Which is better, JPM or Google?",compare
Compare the stock price of INTC and General Electric,compare
"Which is better, Amazon or GE?",compare
Compare the forecasts for INTC and JP Morgan,compare
Show me RSI comparison between ORCL and INTC,compare
Compare market cap of Walmart and JP Morgan,compare
Show me RSI comparison between IBM and JP Morgan,compare
Show me RSI comparison between AMD and NFLX,compare
Compare the forecasts for AAPL and AMD,compare
Compare market cap of Nvidia and Amazon,compare
"Which is better, Microsoft or NFLX?",compare
Compare the volume traded for JP Morgan and Walmart,compare
Compare the volume traded for AMD and AMZN,compare
Compare market cap of Disney and Oracle,compare
Show me RSI comparison between DIS and Facebook,compare
How does Apple perform against V?,compare
"Which is better, Walmart or AMD?",compare
Compare the 50-day SMA for GE and NFLX,compare
Compare market cap of IBM and NVDA,compare
How does F perform against Alibaba?,compare
How does FB perform against NFLX?,compare
Show me RSI comparison between Disney and Oracle,compare
Compare the forecasts for Walmart and Google,compare
Compare the volume traded for Netflix and V,compare
"Which has higher dividends, V or IBM?",compare
Compare the 50-day SMA for BABA and General Electric,compare
Compare the 50-day SMA for INTC and Microsoft,compare
Compare the 50-day SMA for INTC and ORCL,compare
"Which is better, Ford or GOOGL?",compare
Show the P/E ratios for Intel vs Facebook,compare
Compare the 50-day SMA for AMD and Alibaba,compare
Compare market cap of Walmart and Nvidia,compare
Compare market cap of Microsoft and AT&T,compare
Show the P/E ratios for V vs Facebook,compare
How does Oracle perform against General Electric?,compare
Show the P/E ratios for NVDA vs Amazon,compare
How does JP Morgan perform against F?,compare
"Which is better, Facebook or JP Morgan?",compare
How does TSLA perform against V?,compare
Compare the volume traded for JPM and TSLA,compare
How does DIS perform against IBM?,compare
Show me RSI comparison between ORCL and Visa,compare
Compare the 50-day SMA for WMT and AAPL,compare
"Which has higher dividends, JPM or Amazon?",compare
How does Ford perform against TSLA?,compare
Compare the stock price of INTC and DIS,compare
Show me RSI comparison between Microsoft and General Electric,compare
Compare the 50-day SMA for Disney and FB,compare
Compare the 50-day SMA for GOOGL and Tesla,compare
Compare the 50-day SMA for NVDA and IBM,compare
"Which has higher dividends, Microsoft or ORCL?",compare
Compare the volume traded for ORCL and DIS,compare
How does Ford perform against TSLA?,compare
Show the P/E ratios for Netflix vs Walmart,compare
Compare the stock price of Tesla and Intel,compare
Compare market cap of V and Alibaba,compare
Compare the volume traded for Microsoft and Tesla,compare
Compare market cap of JPM and AMD,compare
Compare the volume traded for Microsoft and V,compare
Compare the 50-day SMA for Alibaba and Ford,compare
Show me RSI comparison between Google and TSLA,compare
Compare market cap of Microsoft and FB,compare
Compare market cap of Walmart and JPM,compare
How does Nvidia perform against FB?,compare
Compare the 50-day SMA for Amazon and V,compare
Compare the 50-day SMA for IBM and AMD,compare
"Which has higher dividends, Microsoft or AMD?",compare
Show the P/E ratios for NVDA vs MSFT,compare
Show the P/E ratios for Microsoft vs Visa,compare
Show the P/E ratios for V vs Tesla,compare
Compare the forecasts for Apple and Facebook,compare
"Which has higher dividends, General Electric or AT&T?",compare
Compare the forecasts for Ford and ORCL,compare
"Which is better, Nvidia or GOOGL?",compare
Compare the 50-day SMA for INTC and Walmart,compare
Show me RSI comparison between NFLX and AMD,compare
Compare the forecasts for FB and TSLA,compare
"Which is better, INTC or F?",compare
Show the P/E ratios for Tesla vs AT&T,compare
Show me RSI comparison between F and GE,compare
Show the P/E ratios for General Electric vs Facebook,compare
Compare the volume traded for Apple and Microsoft,compare
Compare market cap of TSLA and Walmart,compare
How does WMT perform against TSLA?,compare
"Which is better, IBM or AMD?",compare
Compare the stock price of BABA and GE,compare
Compare the 50-day SMA for IBM and AAPL,compare
Compare the stock price of General Electric and Ford,compare
"Which has higher dividends, T or MSFT?",compare
Compare the 50-day SMA for MSFT and AMZN,compare
Compare the forecasts for Disney and Oracle,compare
"Which is better, Google or GOOGL?",compare
Show the P/E ratios for Nvidia vs Tesla,compare
Show me RSI comparison between DIS and Netflix,compare
Compare market cap of TSLA and NFLX,compare
Compare market cap of General Electric and Apple,compare
Compare the forecasts for AAPL and Intel,compare
Compare market cap of DIS and NFLX,compare
Show the P/E ratios for T vs Google,compare
Compare market cap of AMD and F,compare
Compare the volume traded for JPM and GE,compare
Compare the volume traded for WMT and GOOGL,compare
Compare the forecasts for Netflix and Apple,compare
How does AMD perform against GOOGL?,compare
Compare the volume traded for IBM and AMZN,compare
Compare the forecasts for WMT and GOOGL,compare
"Which has higher dividends, JPM or Facebook?",compare
How does AMD perform against JP Morgan?,compare
Compare market cap of AMD and BABA,compare
Compare the 50-day SMA for Apple and JP Morgan,compare
"Which has higher dividends, Google or JP Morgan?",compare
"Which is better, Walmart or Apple?",compare
"Which has higher dividends, Disney or GOOGL?",compare
"Which has higher dividends, NFLX or AAPL?",compare
"Which has higher dividends, ORCL or AAPL?",compare
How does Walmart perform against ORCL?,compare
Compare the volume traded for AT&T and AAPL,compare
Compare the 50-day SMA for Alibaba and Microsoft,compare
Show me RSI comparison between MSFT and Amazon,compare
"Which has higher dividends, Ford or WMT?",compare
"Which is better, Oracle or GOOGL?",compare
"Which is better, AT&T or JPM?",compare
Compare the 50-day SMA for Google and Ford,compare
Show the P/E ratios for MSFT vs AMZN,compare
Show the P/E ratios for Microsoft vs Netflix,compare
Compare the forecasts for AMD and AT&T,compare
How does F perform against T?,compare
Compare the forecasts for Netflix and IBM,compare
Compare the 50-day SMA for DIS and Disney,compare
Compare the forecasts for Walmart and ORCL,compare
"Which is better, General Electric or ORCL?",compare
Compare the stock price of WMT and Alibaba,compare
Compare the forecasts for T and Disney,compare
Show me RSI comparison between Walmart and Microsoft,compare
"Which is better, Intel or INTC?",compare
Compare the 50-day SMA for Intel and Ford,compare
"Which has higher dividends, General Electric or AT&T?",compare
How does General Electric perform against GOOGL?,compare
Compare the stock price of Netflix and Tesla,compare
"Which is better, AMD or Alibaba?",compare
Show the P/E ratios for Nvidia vs BABA,compare
Compare the forecasts for AMD and AMD,compare
Show the P/E ratios for MSFT vs IBM,compare
Compare the stock price of NFLX and Amazon,compare
"Which is better, MSFT or BABA?",compare
Show me RSI comparison between Apple and GOOGL,compare
"Which has higher dividends, Visa or AMZN?",compare
Compare the forecasts for DIS and TSLA,compare
Show the P/E ratios for Amazon vs IBM,compare
Compare the 50-day SMA for MSFT and AMD,compare
Show me RSI comparison between Ford and Apple,compare
Show me RSI comparison between Intel and Ford,compare
Compare the 50-day SMA for INTC and AT&T,compare
"Which has higher dividends, FB or IBM?",compare
Compare the forecasts for AMD and FB,compare
Compare market cap of FB and BABA,compare
Show the P/E ratios for Visa vs Netflix,compare
Compare the 50-day SMA for IBM and Ford,compare
"Which is better, AMD or Facebook?",compare
"Which is better, F or General Electric?",compare
Show the P/E ratios for TSLA vs NVDA,compare
Compare the 50-day SMA for INTC and Facebook,compare
Compare the 50-day SMA for BABA and T,compare
Show me RSI comparison between NVDA and IBM,compare
How does Visa perform against Walmart?,compare
Show the P/E ratios for AAPL vs GE,compare
How does Disney perform against Amazon?,compare
"Which is better, TSLA or INTC?",compare
Show me RSI comparison between T and FB,compare
How does NVDA perform against Netflix?,compare
"Which has higher dividends, Apple or FB?",compare
Compare the 50-day SMA for IBM and Disney,compare
Show me RSI comparison between ORCL and WMT,compare
Compare market cap of V and AMZN,compare
"Which has higher dividends, Apple or IBM?",compare
Compare the volume traded for General Electric and IBM,compare
"Which has higher dividends, IBM or NFLX?",compare
Compare the stock price of IBM and Intel,compare
Compare the forecasts for Apple and Ford,compare
"Which has higher dividends, AMD or NVDA?",compare
Compare market cap of Google and Netflix,compare
Compare the 50-day SMA for MSFT and AMZN,compare
Compare market cap of AT&T and Ford,compare
Compare market cap of Alibaba and Netflix,compare
Show me RSI comparison between IBM and AT&T,compare
Compare the forecasts for Alibaba and T,compare
"Which has higher dividends, Intel or Microsoft?",compare
How does T perform against Amazon?,compare
Compare the forecasts for General Electric and Google,compare
Compare the stock price of AAPL and AMD,compare
Compare the volume traded for AT&T and AAPL,compare
Compare the forecasts for Apple and GOOGL,compare
Compare the stock price of Tesla and AMD,compare
"Which is better, Alibaba or INTC?",compare
Show the P/E ratios for WMT vs Oracle,compare
Show the P/E ratios for Nvidia vs F,compare
How does AT&T perform against Apple?,compare
Compare market cap of Amazon and Netflix,compare
Compare market cap of JPM and Oracle,compare
Compare the volume traded for Ford and GE,compare
How does Walmart perform against IBM?,compare
Compare market cap of JPM and DIS,compare
Compare market cap of DIS and Facebook,compare
Show the P/E ratios for INTC vs Oracle,compare
Compare the volume traded for Intel and AT&T,compare
How does Apple perform against GOOGL?,compare
Compare the stock price of Nvidia and V,compare
Show me RSI comparison between AMD and JP Morgan,compare
"Which is better, Microsoft or NFLX?",compare
Compare the stock price of Amazon and AAPL,compare
Compare market cap of WMT and INTC,compare
Compare market cap of V and Facebook,compare
"Which is better, Disney or IBM?",compare
"Which is better, Amazon or Apple?",compare
How does ORCL perform against Microsoft?,compare
"Which has higher dividends, GE or V?",compare
Show the P/E ratios for AMZN vs Microsoft,compare
Compare the volume traded for V and INTC,compare
"Which has higher dividends, Netflix or Oracle?",compare
Show the P/E ratios for NFLX vs Nvidia,compare
Show the P/E ratios for ORCL vs Disney,compare
Compare the 50-day SMA for Netflix and Microsoft,compare
Compare the volume traded for TSLA and JPM,compare
"Which is better, NFLX or AMZN?",compare
How does JP Morgan perform against Facebook?,compare
How does Alibaba perform against Walmart?,compare
How does Google perform against NVDA?,compare
Compare the 50-day SMA for MSFT and Nvidia,compare
Compare the volume traded for JPM and DIS,compare
Compare the volume traded for GOOGL and V,compare
Compare the 50-day SMA for Alibaba and AMZN,compare
"Which has higher dividends, FB or General Electric?",compare
Compare the forecasts for V and Microsoft,compare
"Which has higher dividends, AMD or Walmart?",compare
"Which is better, Alibaba or IBM?",compare
Compare market cap of Walmart and MSFT,compare
"Which is better, TSLA or AMD?",compare
Compare the forecasts for V and BABA,compare
Compare the stock price of General Electric and Alibaba,compare
Compare the forecasts for Disney and Facebook,compare
Compare market cap of JPM and FB,compare
Compare the forecasts for ORCL and V,compare
Compare the forecasts for Ford and Microsoft,compare
Compare the forecasts for Nvidia and WMT,compare
Compare the 50-day SMA for Facebook and V,compare
Compare the 50-day SMA for Netflix and Facebook,compare
Compare market cap of Walmart and AMD,compare
Show the P/E ratios for NVDA vs Amazon,compare
Show me RSI comparison between General Electric and WMT,compare
"Which has higher dividends, MSFT or NVDA?",compare
Show the P/E ratios for V vs AAPL,compare
Compare the stock price of AMD and TSLA,compare
Compare the 50-day SMA for GE and GOOGL,compare
Show me RSI comparison between GOOGL and MSFT,compare
Compare the volume traded for Alibaba and TSLA,compare
Compare the stock price of IBM and Ford,compare
Show the P/E ratios for Oracle vs TSLA,compare
Compare the 50-day SMA for AMD and FB,compare
Compare the stock price of Alibaba and Tesla,compare
Compare the volume traded for Walmart and Netflix,compare
Show me RSI comparison between Visa and INTC,compare
How does Facebook perform against NFLX?,compare
"Which has higher dividends, GE or V?",compare
How does GOOGL perform against FB?,compare
Compare the stock price of Amazon and Tesla,compare
Show the P/E ratios for V vs TSLA,compare
Compare the volume traded for JP Morgan and Microsoft,compare
Compare the 50-day SMA for MSFT and AMD,compare
Compare market cap of TSLA and V,compare
How does Ford perform against Nvidia?,compare
Compare the volume traded for T and FB,compare
Compare the volume traded for AMD and JPM,compare
"Which is better, V or GOOGL?",compare
"Which is better, BABA or Ford?",compare
Compare the forecasts for IBM and BABA,compare
Compare the volume traded for AMD and TSLA,compare
How does AAPL perform against IBM?,compare
Compare the forecasts for Apple and FB,compare
Compare the volume traded for INTC and BABA,compare
How does NVDA perform against NFLX?,compare
Compare the stock price of Ford and JPM,compare
Compare the 50-day SMA for Disney and ORCL,compare
Compare the stock price of General Electric and AMZN,compare
Compare the 50-day SMA for AMZN and General Electric,compare
Show me RSI comparison between TSLA and AMD,compare
Show me RSI comparison between Amazon and ORCL,compare
"Which is better, Alibaba or AAPL?",compare
Show the P/E ratios for JP Morgan vs Google,compare
Compare market cap of AT&T and Microsoft,compare
Compare the volume traded for F and JP Morgan,compare
Show me RSI comparison between AMZN and Alibaba,compare
Compare the forecasts for FB and NVDA,compare
Show me RSI comparison between IBM and Intel,compare
Compare the volume traded for JP Morgan and NVDA,compare
Show the P/E ratios for FB vs T,compare
Show me RSI comparison between MSFT and Facebook,compare
Show me RSI comparison between Ford and Netflix,compare
"Which is better, GE or INTC?",compare
"Which has higher dividends, DIS or V?",compare
"Which has higher dividends, General Electric or Amazon?",compare
Show me RSI comparison between MSFT and JPM,compare
Compare market cap of AT&T and Tesla,compare
"Which is better, Google or V?",compare
Compare the volume traded for WMT and NFLX,compare
How does Intel perform against Facebook?,compare
How does Tesla perform against JPM?,compare
Compare the 50-day SMA for T and JPM,compare
Show the P/E ratios for GOOGL vs Amazon,compare
Compare market cap of MSFT and AT&T,compare
Show the P/E ratios for General Electric vs Amazon,compare
Compare the 50-day SMA for Disney and BABA,compare
Show the P/E ratios for Walmart vs ORCL,compare
Compare the volume traded for Nvidia and AAPL,compare
Compare the volume traded for AAPL and Disney,compare
Compare the 50-day SMA for GOOGL and AMD,compare
Compare the stock price of NVDA and NFLX,compare
"Which is better, Amazon or V?",compare
Can you predict AMZN stock price?,predict
Forecast the earnings of TSLA,predict
Forecast the earnings of Facebook,predict
What's the price prediction for AAPL?,predict
Can you predict Microsoft stock price?,predict
Predict the next price movement of WMT,predict
Can you predict AAPL stock price?,predict
What's the price prediction for AAPL?,predict
When will AAPL hit a new high?,predict
Predict the next price movement of IBM,predict
What is the forecast for INTC?,predict
When will IBM hit a new high?,predict
Predict the stock price of Visa next week,predict
Can you predict Netflix stock price?,predict
Forecast the earnings of JPM,predict
Predict the trend of AT&T stock,predict
Predict the trend of Nvidia stock,predict
When will RSI drop for TSLA?,predict
Forecast the earnings of Tesla,predict
What's the price prediction for T?,predict
When will RSI drop for FB?,predict
Can you predict Intel stock price?,predict
Can you forecast the volume for JP Morgan?,predict
What is the forecast for DIS?,predict
Can you predict Alibaba stock price?,predict
Can you predict IBM stock price?,predict
What's the price prediction for V?,predict
Can you forecast the volume for JPM?,predict
What's the price prediction for AMD?,predict
Predict the trend of Nvidia stock,predict
Forecast the earnings of Google,predict
When will Netflix hit a new high?,predict
Predict the trend of INTC stock,predict
When will RSI drop for AT&T?,predict
What is the forecast for AMZN?,predict
When will JP Morgan hit a new high?,predict
Predict the trend of Microsoft stock,predict
Can you forecast the volume for Intel?,predict
Can you forecast the volume for Nvidia?,predict
When will Tesla hit a new high?,predict
Can you predict AAPL stock price?,predict
What is the forecast for GE?,predict
Can you forecast the volume for BABA?,predict
When will RSI drop for Alibaba?,predict
Forecast the earnings of AT&T,predict
Can you forecast the volume for AT&T?,predict
What is the forecast for FB?,predict
Can you forecast the volume for Facebook?,predict
What's the price prediction for GOOGL?,predict
Can you predict IBM stock price?,predict
When will NFLX hit a new high?,predict
What's the price prediction for Walmart?,predict
Predict the stock price of TSLA next week,predict
Forecast the earnings of WMT,predict
When will RSI drop for BABA?,predict
What's the price prediction for IBM?,predict
What is the forecast for DIS?,predict
Predict the trend of Walmart stock,predict
Can you forecast the volume for T?,predict
Forecast the earnings of JP Morgan,predict
When will RSI drop for Walmart?,predict
Predict the stock price of Nvidia next week,predict
Predict the trend of NVDA stock,predict
Predict the next price movement of JPM,predict
What is the forecast for TSLA?,predict
Predict the trend of Netflix stock,predict
Forecast the earnings of Nvidia,predict
When will RSI drop for IBM?,predict
What is the forecast for Netflix?,predict
What's the price prediction for AMZN?,predict
Predict the stock price of AMD next week,predict
Can you predict Alibaba stock price?,predict
What is the forecast for NFLX?,predict
Can you forecast the volume for Oracle?,predict
When will Tesla hit a new high?,predict
Forecast the earnings of Walmart,predict
Forecast the earnings of Facebook,predict
Can you predict BABA stock price?,predict
Can you forecast the volume for DIS?,predict
Predict the stock price of Visa next week,predict
Can you predict AMD stock price?,predict
What is the forecast for TSLA?,predict
Can you forecast the volume for JP Morgan?,predict
What's the price prediction for F?,predict
Can you forecast the volume for Microsoft?,predict
Can you forecast the volume for F?,predict
When will RSI drop for Apple?,predict
Can you forecast the volume for DIS?,predict
What is the forecast for DIS?,predict
When will RSI drop for JP Morgan?,predict
Predict the next price movement of Amazon,predict
What's the price prediction for General Electric?,predict
What is the forecast for NFLX?,predict
Can you predict MSFT stock price?,predict
Predict the trend of Amazon stock,predict
Can you predict Amazon stock price?,predict
Can you predict IBM stock price?,predict
When will AMD hit a new high?,predict
Predict the trend of BABA stock,predict
What is the forecast for GE?,predict
Can you forecast the volume for Alibaba?,predict
What's the price prediction for V?,predict
What's the price prediction for AMD?,predict
Predict the stock price of F next week,predict
Can you predict General Electric stock price?,predict
When will RSI drop for INTC?,predict
When will TSLA hit a new high?,predict
What is the forecast for Apple?,predict
Predict the trend of Facebook stock,predict
When will GOOGL hit a new high?,predict
Can you predict AMD stock price?,predict
Can you forecast the volume for IBM?,predict
Predict the next price movement of Visa,predict
What is the forecast for Microsoft?,predict
When will NVDA hit a new high?,predict
Forecast the earnings of FB,predict
Can you predict V stock price?,predict
What is the forecast for INTC?,predict
Can you forecast the volume for Alibaba?,predict
Predict the stock price of General Electric next week,predict
Predict the next price movement of AAPL,predict
Forecast the earnings of JP Morgan,predict
When will RSI drop for AAPL?,predict
When will WMT hit a new high?,predict
Forecast the earnings of MSFT,predict
Predict the next price movement of ORCL,predict
Can you forecast the volume for Oracle?,predict
Can you predict Oracle stock price?,predict
What is the forecast for DIS?,predict
Forecast the earnings of GOOGL,predict
Forecast the earnings of NFLX,predict
What's the price prediction for Visa?,predict
When will IBM hit a new high?,predict
What's the price prediction for FB?,predict
What is the forecast for GE?,predict
Predict the stock price of FB next week,predict
Can you predict V stock price?,predict
Can you predict Google stock price?,predict
When will RSI drop for MSFT?,predict
Predict the next price movement of Ford,predict
Predict the next price movement of NFLX,predict
What is the forecast for IBM?,predict
When will AMD hit a new high?,predict
Can you predict AMD stock price?,predict
What's the price prediction for Facebook?,predict
When will Tesla hit a new high?,predict
What is the forecast for Ford?,predict
Can you predict AAPL stock price?,predict
What is the forecast for DIS?,predict
Can you forecast the volume for General Electric?,predict
Can you forecast the volume for ORCL?,predict
When will RSI drop for JP Morgan?,predict
Predict the trend of AMD stock,predict
Predict the trend of AAPL stock,predict
Predict the next price movement of GE,predict
Predict the trend of Nvidia stock,predict
When will RSI drop for Intel?,predict
Can you predict DIS stock price?,predict
Predict the next price movement of V,predict
Predict the trend of Ford stock,predict
What is the forecast for Nvidia?,predict
Can you predict WMT stock price?,predict
Predict the stock price of AT&T next week,predict
What's the price prediction for Visa?,predict
Predict the trend of NVDA stock,predict
Predict the next price movement of TSLA,predict
Predict the trend of T stock,predict
Predict the trend of ORCL stock,predict
Can you predict AT&T stock price?,predict
When will AMD hit a new high?,predict
Predict the next price movement of WMT,predict
When will RSI drop for Facebook?,predict
Forecast the earnings of Tesla,predict
Can you forecast the volume for IBM?,predict
When will Apple hit a new high?,predict
When will AMD hit a new high?,predict
Forecast the earnings of Microsoft,predict
Predict the trend of AMZN stock,predict
What is the forecast for Oracle?,predict
What's the price prediction for Ford?,predict
Can you predict Tesla stock price?,predict
Can you forecast the volume for AT&T?,predict
What is the forecast for T?,predict
When will RSI drop for Disney?,predict
What's the price prediction for GOOGL?,predict
Forecast the earnings of IBM,predict
Predict the next price movement of AMD,predict
When will IBM hit a new high?,predict
Predict the stock price of Intel next week,predict
Predict the next price movement of WMT,predict
When will BABA hit a new high?,predict
Predict the next price movement of Apple,predict
When will General Electric hit a new high?,predict
What's the price prediction for Visa?,predict
Predict the stock price of Walmart next week,predict
What is the forecast for IBM?,predict
Can you forecast the volume for TSLA?,predict
Predict the next price movement of General Electric,predict
When will RSI drop for AMD?,predict
What's the price prediction for AMD?,predict
Predict the trend of FB stock,predict
What is the forecast for AMD?,predict
Predict the stock price of FB next week,predict
When will Nvidia hit a new high?,predict
When will TSLA hit a new high?,predict
What's the price prediction for Netflix?,predict
When will AMD hit a new high?,predict
What is the forecast for AMD?,predict
What is the forecast for AMZN?,predict
Predict the trend of V stock,predict
Predict the trend of IBM stock,predict
Can you predict ORCL stock price?,predict
Can you predict ORCL stock price?,predict
Can you forecast the volume for Oracle?,predict
Predict the trend of ORCL stock,predict
Predict the stock price of DIS next week,predict
Can you forecast the volume for Visa?,predict
What is the forecast for FB?,predict
What's the price prediction for Tesla?,predict
Forecast the earnings of IBM,predict
What is the forecast for Intel?,predict
Can you forecast the volume for IBM?,predict
What's the price prediction for GE?,predict
Forecast the earnings of DIS,predict
Can you forecast the volume for ORCL?,predict
What's the price prediction for Disney?,predict
What is the forecast for MSFT?,predict
Forecast the earnings of Nvidia,predict
What is the forecast for T?,predict
Can you forecast the volume for Visa?,predict
Predict the trend of IBM stock,predict
Predict the stock price of JPM next week,predict
What's the price prediction for Google?,predict
When will AMD hit a new high?,predict
When will RSI drop for AMD?,predict
When will RSI drop for F?,predict
What's the price prediction for AMD?,predict
Predict the next price movement of NVDA,predict
Predict the stock price of BABA next week,predict
What is the forecast for Amazon?,predict
Can you predict AMD stock price?,predict
Forecast the earnings of IBM,predict
When will Facebook hit a new high?,predict
Predict the next price movement of GE,predict
Can you forecast the volume for Google?,predict
Can you predict Netflix stock price?,predict
When will V hit a new high?,predict
Can you forecast the volume for General Electric?,predict
Can you predict IBM stock price?,predict
Can you forecast the volume for Visa?,predict
What is the forecast for Intel?,predict
What is the forecast for Visa?,predict
What's the price prediction for FB?,predict
When will RSI drop for JPM?,predict
What's the price prediction for Microsoft?,predict
Predict the next price movement of JPM,predict
Predict the trend of Visa stock,predict
What's the price prediction for AT&T?,predict
What is the forecast for Alibaba?,predict
Forecast the earnings of Amazon,predict
Can you forecast the volume for General Electric?,predict
Predict the stock price of Microsoft next week,predict
Forecast the earnings of IBM,predict
What's the price prediction for Oracle?,predict
Predict the stock price of NFLX next week,predict
Predict the trend of Microsoft stock,predict
Can you forecast the volume for JPM?,predict
Can you predict AMD stock price?,predict
What is the forecast for Facebook?,predict
What's the price prediction for Microsoft?,predict
When will AMD hit a new high?,predict
Predict the trend of AMD stock,predict
What is the forecast for MSFT?,predict
Forecast the earnings of Oracle,predict
What is the forecast for IBM?,predict
Predict the trend of Alibaba stock,predict
Predict the stock price of FB next week,predict
Can you predict ORCL stock price?,predict
Can you predict Disney stock price?,predict
What is the forecast for Alibaba?,predict
Predict the next price movement of MSFT,predict
Can you forecast the volume for AMD?,predict
Predict the stock price of Intel next week,predict
What is the forecast for Intel?,predict
Can you forecast the volume for V?,predict
When will WMT hit a new high?,predict
When will GOOGL hit a new high?,predict
Predict the next price movement of T,predict
When will IBM hit a new high?,predict
Can you forecast the volume for Facebook?,predict
Forecast the earnings of MSFT,predict
When will RSI drop for ORCL?,predict
Predict the next price movement of Facebook,predict
Predict the next price movement of AMD,predict
Forecast the earnings of Tesla,predict
What's the price prediction for TSLA?,predict
When will IBM hit a new high?,predict
Can you forecast the volume for Disney?,predict
Forecast the earnings of Tesla,predict
What's the price prediction for Intel?,predict
Predict the next price movement of Google,predict
Predict the stock price of DIS next week,predict
Predict the trend of Netflix stock,predict
Can you forecast the volume for T?,predict
Can you forecast the volume for BABA?,predict
When will V hit a new high?,predict
Predict the next price movement of Apple,predict
Predict the next price movement of Oracle,predict
What is the forecast for GOOGL?,predict
When will RSI drop for ORCL?,predict
Can you predict MSFT stock price?,predict
What is the forecast for Oracle?,predict
Predict the next price movement of ORCL,predict
Can you predict Intel stock price?,predict
Predict the trend of T stock,predict
Predict the stock price of JPM next week,predict
Predict the stock price of Visa next week,predict
What is the forecast for Disney?,predict
Forecast the earnings of Facebook,predict
Can you forecast the volume for V?,predict
Predict the stock price of JPM next week,predict
What's the price prediction for Tesla?,predict
Predict the next price movement of TSLA,predict
When will RSI drop for Intel?,predict
What is the forecast for Tesla?,predict
Predict the next price movement of ORCL,predict
When will Disney hit a new high?,predict
When will V hit a new high?,predict
Predict the next price movement of T,predict
When will AMZN hit a new high?,predict
Predict the trend of Ford stock,predict
Forecast the earnings of Walmart,predict
Can you forecast the volume for AT&T?,predict
When will JP Morgan hit a new high?,predict
What's the price prediction for JP Morgan?,predict
Can you predict AMD stock price?,predict
Predict the next price movement of IBM,predict
Predict the trend of GE stock,predict
What's the price prediction for Netflix?,predict
Predict the stock price of JP Morgan next week,predict
Can you predict V stock price?,predict
Predict the trend of F stock,predict
What is the forecast for NFLX?,predict
What's the price prediction for IBM?,predict
What's the price prediction for WMT?,predict
Predict the next price movement of JPM,predict
Can you predict V stock price?,predict
Predict the trend of IBM stock,predict
What is the forecast for BABA?,predict
Predict the trend of Microsoft stock,predict
What is the forecast for F?,predict
Predict the next price movement of AT&T,predict
When will AMZN hit a new high?,predict
Can you forecast the volume for AMZN?,predict
When will RSI drop for AMD?,predict
What's the price prediction for AAPL?,predict
What is the forecast for WMT?,predict
Can you forecast the volume for JP Morgan?,predict
When will Microsoft hit a new high?,predict
Can you predict IBM stock price?,predict
Can you forecast the volume for NVDA?,predict
Predict the next price movement of AMD,predict
When will Visa hit a new high?,predict
Predict the next price movement of FB,predict
When will RSI drop for TSLA?,predict
When will AAPL hit a new high?,predict
Predict the next price movement of IBM,predict
Predict the next price movement of DIS,predict
Predict the next price movement of Facebook,predict
What's the price prediction for IBM?,predict
Predict the trend of Amazon stock,predict
When will Ford hit a new high?,predict
Predict the stock price of IBM next week,predict
Can you forecast the volume for General Electric?,predict
Can you predict AMD stock price?,predict
Predict the next price movement of IBM,predict
Predict the next price movement of NVDA,predict
Predict the trend of Facebook stock,predict
Can you predict DIS stock price?,predict
Can you predict IBM stock price?,predict
Can you forecast the volume for Nvidia?,predict
Forecast the earnings of Netflix,predict
When will T hit a new high?,predict
Predict the trend of NFLX stock,predict
Predict the next price movement of Netflix,predict
Predict the trend of IBM stock,predict
Can you forecast the volume for AMD?,predict
When will RSI drop for Walmart?,predict
What's the price prediction for IBM?,predict
Can you forecast the volume for Nvidia?,predict
What's the price prediction for JPM?,predict
Predict the trend of BABA stock,predict
Predict the next price movement of WMT,predict
Can you forecast the volume for AT&T?,predict
When will T hit a new high?,predict
Can you forecast the volume for Tesla?,predict
What's the price prediction for Ford?,predict
Predict the trend of Tesla stock,predict
Predict the trend of WMT stock,predict
When will RSI drop for V?,predict
Predict the trend of F stock,predict
Can you forecast the volume for IBM?,predict
Predict the stock price of Alibaba next week,predict
When will Amazon hit a new high?,predict
Can you forecast the volume for DIS?,predict
Predict the next price movement of JP Morgan,predict
Can you forecast the volume for BABA?,predict
Can you forecast the volume for Google?,predict
When will JP Morgan hit a new high?,predict
Forecast the earnings of AMD,predict
Predict the stock price of IBM next week,predict
Forecast the earnings of Amazon,predict
Predict the trend of V stock,predict
Can you forecast the volume for NVDA?,predict
Forecast the earnings of GE,predict
Predict the next price movement of JPM,predict
When will DIS hit a new high?,predict
Forecast the earnings of BABA,predict
Predict the stock price of JPM next week,predict
Forecast the earnings of Apple,predict
When will INTC hit a new high?,predict
When will RSI drop for GE?,predict
When will Google hit a new high?,predict
What's the price prediction for AMD?,predict
What is the forecast for V?,predict
When will RSI drop for Tesla?,predict
Can you forecast the volume for TSLA?,predict
When will FB hit a new high?,predict
Forecast the earnings of Apple,predict
When will AMD hit a new high?,predict
When will WMT hit a new high?,predict
What's the price prediction for Intel?,predict
Predict the trend of AT&T stock,predict
Can you predict BABA stock price?,predict
What is the forecast for NFLX?,predict
Predict the stock price of Apple next week,predict
Can you predict DIS stock price?,predict
Can you forecast the volume for Ford?,predict
Predict the next price movement of Visa,predict
Predict the next price movement of Ford,predict
When will RSI drop for GE?,predict
Can you predict Microsoft stock price?,predict
Predict the trend of DIS stock,predict
Can you forecast the volume for Netflix?,predict
Can you forecast the volume for Oracle?,predict
Predict the stock price of Oracle next week,predict
When will RSI drop for Intel?,predict
Predict the next price movement of JP Morgan,predict
Forecast the earnings of AT&T,predict
Predict the next price movement of JP Morgan,predict
Predict the trend of AMD stock,predict
When will RSI drop for JPM?,predict
Can you forecast the volume for NFLX?,predict
Forecast the earnings of BABA,predict
Can you forecast the volume for Google?,predict
Forecast the earnings of Alibaba,predict
Can you predict Intel stock price?,predict
What is the forecast for T?,predict
Can you predict Amazon stock price?,predict
Predict the trend of AMZN stock,predict
When will V hit a new high?,predict
When will RSI drop for Ford?,predict
Can you predict Visa stock price?,predict
Predict the trend of AMZN stock,predict
Predict the next price movement of Facebook,predict
Predict the stock price of Oracle next week,predict
Can you predict Amazon stock price?,predict
What's the price prediction for FB?,predict
What is the forecast for V?,predict
Forecast the earnings of MSFT,predict
Predict the trend of Ford stock,predict
Can you forecast the volume for DIS?,predict
Forecast the earnings of Tesla,predict
Forecast the earnings of Visa,predict
Can you forecast the volume for V?,predict
Predict the next price movement of FB,predict
Predict the trend of Alibaba stock,predict
What's the price prediction for JPM?,predict
When will NFLX hit a new high?,predict
Predict the next price movement of Tesla,predict
Predict the trend of Apple stock,predict
Can you predict Disney stock price?,predict
When will RSI drop for General Electric?,predict
Predict the next price movement of AT&T,predict
What's the price prediction for Google?,predict
Predict the trend of Amazon stock,predict
Predict the trend of AAPL stock,predict
Can you forecast the volume for Amazon?,predict
When will IBM hit a new high?,predict
Can you forecast the volume for AMZN?,predict
What is the forecast for Intel?,predict
Can you predict Netflix stock price?,predict
Can you predict AMD stock price?,predict
Predict the stock price of Google next week,predict
What is the forecast for GOOGL?,predict
Predict the stock price of GOOGL next week,predict
Predict the stock price of IBM next week,predict
Predict the stock price of FB next week,predict
Can you predict INTC stock price?,predict
Can you predict Nvidia stock price?,predict
